﻿{"cameraMode":{"drawMode":0,"name":"Shaded","section":"Shading Mode"},"sceneLighting":true,"audioPlay":false,"sceneViewState":{"m_AlwaysRefresh":false,"showFog":true,"showSkybox":true,"showFlares":true,"showImageEffects":true,"showParticleSystems":true,"showVisualEffectGraphs":true,"m_FxEnabled":true},"in2DMode":false,"pivot":{"x":2.3200747966766359,"y":-4.284236431121826,"z":86.36482238769531},"rotation":{"x":-0.014234400354325772,"y":-0.9562327265739441,"z":0.28858405351638796,"w":-0.04708525538444519},"size":4.992176532745361,"orthographic":false}