﻿{"cameraMode":{"drawMode":0,"name":"Shaded","section":"Shading Mode"},"sceneLighting":true,"audioPlay":false,"sceneViewState":{"m_AlwaysRefresh":false,"showFog":true,"showSkybox":true,"showFlares":true,"showImageEffects":true,"showParticleSystems":true,"showVisualEffectGraphs":true,"m_FxEnabled":true},"in2DMode":false,"pivot":{"x":0.46678367257118227,"y":3.080824613571167,"z":-0.7440760135650635},"rotation":{"x":-0.01679130271077156,"y":0.04351985827088356,"z":-0.0007371369283646345,"w":-0.9988815188407898},"size":2.918508291244507,"orthographic":false}