﻿{"cameraMode":{"drawMode":0,"name":"Shaded","section":"Shading Mode"},"sceneLighting":true,"audioPlay":false,"sceneViewState":{"m_AlwaysRefresh":false,"showFog":true,"showSkybox":true,"showFlares":true,"showImageEffects":true,"showParticleSystems":true,"showVisualEffectGraphs":true,"m_FxEnabled":true},"in2DMode":false,"pivot":{"x":-31.376949310302736,"y":-136.81472778320313,"z":270.0216064453125},"rotation":{"x":0.37440332770347597,"y":-0.10639332234859467,"z":0.04349479079246521,"w":0.9202461242675781},"size":130.20498657226563,"orthographic":false}